a;b;c;d;e;f;g;h;i;j;k;l;m;n;o;p;q;r;s;t;u;v;w;x;y;z
Arrendatário;Benignidade;Casa;Diatribe;Empatia;Função sintática;Google;Homogêneo;Intrínseco;Jusnaturalismo;Kawaii;Lobista;Marolar;Ninfomaníaca;Ofícios urbanos;Pragmático;Quiçá;Redir;Saruê;Tulipa roxa;Urbanidade;Volátil;Welcone;Xablau;Yin yang;Zika
Amanuense;Bolado;Criptografar;Disponha;Escroto;Foda;Geniosa;Holístico;Intelectual;Js;Kentuch;Lisonjeado;Mutuante;Normal;Orgia;Pato;Quaisquer;Recíproco;Stalkear;Tesão;Utopia;Virote;What the fuck;Xibiu;Yasmim;Zica
Alfanumérico;Bola;Criptografia;Definição;Exacerbado;Foda-se;Grelo duro;Há;Iniquidade;Jurista;Kilobyte;Linguagem coloquial;Metódico;Ninfeta;Otp;Pragmatismo;Quantidade;Resiliência;Sororidade;Teratológico;Unidade;Vide;Workshop;Xoxo;Yorkshire;Zé-povinho
âmbito;Borra;Concessão;Denotativo;Espécie;Fornicação;Galanteador;Hardcore;Isonomia;Jogral;Kilograma;Linear;Miscigenação;Nomenclatura;Otimizado;Prerrogativa;Quantidade;Reteté;Sistemático;Tempo cronológico;Ufanismo;Vagabunda;Wordpress;Xana;Yandere;Zoolito
Assiduidade;Biscate;Clichê;Data venia;Egocêntrico;Fetiche;Grelo;Heterogêneo;Intertextualidade;Jaz;Kenga;Linguagem padrão;Metáfora;Ninfomaníaco;Odaxelagnia;Princípio;Quirografário;Relativo;Shippar;Tega;Urge;Vovô;Word;Xodó;York;Zuando
Arrogante;Bélico;Compartilhar;Diretrizes;Empoderar;Frígida;Genérico;Homologar;Idôneo;Juízo;Kafkiano;Lúdico;Misoginia;Nostalgia;Ordinária;Polissílaba;Quirodáctilo;Reciprocidade;Sazonal;Transsexual;Unânime;Válvula;Whatsapp;Xerófita;Yohan;Zelo
Ansiosa;Bigorrilho;Características;Divergência;Eficácia;Função fática;Gozar;Heterotrófico;Idônea;Job;Know-how;Linguagem formal;Marrenta;Nudes;Obstante;Porco;Quase;Recíproca;Sinônimos;Teleológico;Unívoco;Visionário;Web;Xepa;Young;Zumba
Alteridade;Bacanal;Cínico;Devaneio;Energúmeno;Fuder;Gestor;Harmonia;Imputável;Jovial;Kuudere;Legado;Meticuloso;Neurótico;Ora;Próximo;Quantitativo;Redenção;Sexo;Trouxe;Usurpador;Voltar;William;Xurupita;Yaoi;Zuada
Anamnese;Bastardo;Coercitivo;Direito positivo;ênfase;Fosse;Glosa;Hegemônico;Incongruência;Jeito;Ks;Locador;Monossílaba;Nóis;Ontológico;Peculiar;Querência;Resiliente;Submissa;Teocentrismo;Ufanista;Vedado;Winchester;Xenofobia;Yeshua;Zé ruela
Amor;Birolho;Contexto;Demagogia;Esporadicamente;Fato;Genitora;Hipossuficiente;Incidência;Jabá;Kcal;Linguagem culta;Marola;Notório;Outorgado;Prepotente;Quem cala consente;Redimir;Sádico;Transgressão;Unificação;Viado;Warrant;Xoxota;Youtuber;Zoação
Altruísmo;Bugar;Caralho;Diversidade;Então;Fático;Gentileza;Homogeneidade;Interpessoal;Judeu;Kibar;Linguagem informal;Moral;Nexo causal;Osmose;Pesquisa qualitativa;Quantum debeatur;Rapariga;Socioeconômico;Tempestividade;Ulterior;Verossimilhança;Write;Xereca;Yang;Zoeira
Altruísta;Burocracia;Conotativo;Detrimento;ética;Falácia;Gentil;Hipoecogênico;Introspectivo;Justaposição;Kamikaze;Léxico;Monótono;Nuances;Oriundo;Paulatinamente;Querelante;Religiosidade;Subjetivo;Talarico;Uníssono;Vicissitude;Water;Xavasca;Yanomami;Zen
Assexuado;Brusqueta;Contextualizar;Déficit;Expressão;Fomento;Gala;Hétero;Inescusável;Juízo prevento;K.o.;Laboratório;Município;Neolítico;Obséquio;Pederasta;Questionar;Relevância;Sintetizar;Tácita;Unilateral;Vedete;Wilson;Xará;Yangire;Zoar
Articular;Bedel;Concomitantemente;Diligência;Escrota;Fomentar;Gíria;Hombridade;Intrinsecamente;Justiça;Korova;Leniente;Midiático;Nóia;Outorgada;Procede;Quintessência;Rôla;Sede;Transeunte;Unicelular;Vislumbrar;Walther p 38;Xota;Youtube;Zero à esquerda
Antrópico;Bosta;Concupiscência;Danado;Eugenia;Flexões;Gradação;Hum;Insólita;Jurisprudência;Kaô;Lexical;Marrento;Nuance;Oitiva;Postergar;Quem fala demais dá bom dia a cavalo;Revel;Sui generis;Taquígrafo;Usurpação;Vai se fuder;Watt;Xingamento;Yamoussoukro;Zigoto
Antagônico;Boca;Chavoso;Derivado;Embora;Filho da puta;Gosto;Hipótese;Imparcial;Jargão;Khz;Lauda;Música;Nigga;Otário;Percepção;Quórum;Redundante;Sinônimo;Tange;Utilizado;Viés;Wallace;Xingar;Yoga;Zurrar
Alfaiataria;Bálsamo;Cognitivo;Disponível;Efêmera;Fontes iconográficas;Gênese;Hospedeiro;Incidente;Jirau;Kama sutra;Literalmente;Masoquista;Nomadismo;Orelhana;Pelego;Quitute;Respaldo;Social;Trouxa;Unicidade;Vitalício;What a hell;Xucra;Yen;Zueira
Anaeróbico;Bulinar;Concessivo;Docente;Empoderamento;Faixa etária;Globalização;Heterogeneidade;Intolerância;Jocoso;Kikita;Lâmpada;Mórbido;No que tange;Oportunidade;Paradigma;Quem dera;Resistência;Sonso;Transcendente;Ungido;Vertente;Wannabe;Xuranha;Yuri;Zé buceta
Análoga;Bossal;Cultura;Detém;Ecumênico;Feedback;Glosar;Heterônimo;Interação;Jacu;kaka;Limiar;Metalinguística;Norma padrão;Obsta;Postagem;Quelante;Reflexão;Subjetividade;Tentáculo;Urgente;Virtude;Webgrafia;Xuxa;You;Zuar
Abstrair;Benção;Circuncidado;Diapasão;Escrúpulo;Facultativo;Grafadas;Homônimo;Integração;Jaguara;Kgf;Lençóis subterrâneos;Maquiavélico;Nevrálgico;Obsoleto;Promíscuo;Quadro clínico;Resenha;Suruba;Taquigrafia;Usurpar;Vacância;Weiss;Xixizado;Yellowstone;Zoofilia
Assertiva;Barganha;Corolário;Dialeto;Endêmico;Faturamento;Gorfar;Híbrido;Incoerente;Judicialização;Kitnet;Levita;Metalinguagem;Ninfa;Outrossim;Parafrasear;Querido;Renascimento cultural e científico;Sucinta;Termo;Universalidade;Visão sistêmica;Walker;Xale;Yukata;Zico
Atemporal;Biótipo;Competência;Democracia;Empático;Feudo;Gabiru;Heterossexual;Ignorante;Janota;Kafka;Logradouro;Mútua;Nefasto;Oração;Pode pá;Quesito;Recalcada;Sarcástico;Talarica;Uso tópico;Varoa;Waterloo;Xucro;Yang tsé;Zetética
Auspicioso;Bandido;Convencional;Discente;Esnobe;Filosofia;Gradativamente;Homossexual;Ingênuo;Já já;Konichiwa;Litígio;Mídia;Norma;óbice;Pagão;Quimera;Requerente;Subversivo;Transcendência;Unitário;Vinhesse;Webcam;Xibungo;Yangun;Zoologia
Abnegação;Badó;Cabaço;Dicotomia;épico;Ficha;Gordice;Hiato;Insight;Jesuíta;kilowatt;Lascívia;Moleque;Nem;Orgulhoso;Polarização;Queda;Recorrente;Superficial;Transcendental;Ululante;Videira;Wallaby;Xofrango;Yemanjá;Zombaria
Antítese;Boicotar;Consiste;Decodificar;Explícito;Fisiologismo;Ganância;Holerite;Intermitente;Jóia;Karatê;Legião;Monotonia;Narcisista;Obtuso;Parágrafo;Qualidade;Relativismo cultu;Sarcástica;Trissílabas;Usufruir;Vênia;Wirsung;Xaina;Yerevan;Zimogênios
